X,Y,Z,Accelerometer
-0.660583467530542,0.09428070632938335,0.18675898567911653,0.8747628006601118
0.48803874716393536,0.3100294657379834,0.7986897041282537,1.277918161792984
0.6508339332009758,-0.17553589205366404,0.41937408502790974,1.0731843203341542
-0.34909770161627796,-0.33144710412667777,-0.6211180730450949,1.2105369722938477
-0.8977720210673763,0.7824072591982394,-0.8836616389874408,1.6345478459515712
-0.33851844627774685,0.8515632513555427,-0.2413901276012178,1.2030384403200283
0.35182831490296573,-0.0121481803184329,-0.9483475475644652,1.062176145880227
0.8523075017263801,-0.3245965025638713,-0.7445391909685808,1.421056347748693
-0.47045097291213045,0.702562407101696,-0.9995067579236367,1.7829748546716018
0.13838278422468075,-0.29633321344908947,0.44826489978037576,0.968407149261749
0.13988721292900297,-0.4936689637214773,-0.9351743643750028,1.1782398871800985
-0.25216555878574876,0.05250107104624768,0.942591505966957,1.0171475907453198
-0.7137033892011602,-0.47614944524445946,-0.268233770879871,1.201736454212017
0.7678254614871114,0.045853436433242134,-0.47340426869149543,1.0538795869580475
0.1799836765060716,0.43368980724368744,-0.042203340318403004,0.744031700468075
-0.6265381566530057,-0.34535021558114654,0.1300046795412615,1.1031057832825242
-0.5715418834476933,-0.6042501349803195,-0.8558285399049481,1.229955399470969
0.8558597564614556,-0.4185283061705105,0.171031544426252,1.230613858693569
0.11166426656375683,0.7239381341673155,-0.8107025646034252,1.2202425384660285
0.8427694791117977,0.5390275658310775,-0.06387792495300637,1.3748490771002024
0.43843963226687976,0.9133245938130183,0.5789608120267493,1.2245174740119678
-0.4545549752208007,-0.23864199755272586,0.13406026736838794,0.6644580959160056
-0.2185231590197787,0.8557338436794639,0.055988039776595944,1.0155754227508158
-0.7040273662275676,-0.39350968590080915,-0.7677299172785355,1.3297045720544913
-0.8268156275915659,-0.9622798069105714,0.2013926377570554,1.4938029035350908
-0.44001034818909424,0.3194967032799867,0.4767350505803667,1.0112971213587516
0.1364507196904734,0.1636493650571038,-0.28066588936108916,0.83870149520682
-0.265531652745689,0.3960025802812319,-0.21947360424530982,0.7396027171506294
0.0645362982450508,0.04317142330214119,0.7839572792675678,1.1281401364202304
-0.699843051337599,0.3010964698448504,-0.24300381791509462,0.8907239844003851
-0.3282742307196511,0.7887927267646611,-0.35321171875359636,1.105261485564878
-0.8834254625186968,0.8146843287570431,-0.6152755660401874,1.5531356679144044
-0.9313970504333529,-0.4808238085513674,-0.5646552177845789,1.280570729001185
0.4125997083664221,-0.6877679540587216,0.5670339823259412,1.081812679628657
0.5680329349827526,-0.7848011863980009,0.9370648151525593,1.5845507509880439
-0.0041807036357848215,0.39927245485693197,-0.5789331355574436,0.7668193236668084
-0.6965275789089893,-0.6646031977476319,0.4521177712937985,1.1540243077639813
0.7469413633985524,-0.5325181472415861,0.07145734474393839,1.2278068130953903
-0.7786441032673268,-0.0913414376908308,0.507367963916507,1.0226532018183563
0.32693361573147506,0.6128460310131023,0.49837648884002506,1.328458006808309
0.8217994749275419,-0.7073970559158125,0.09827183060544131,1.1578573890693091
0.7836540233310396,-0.924401207438037,-0.19626463750110745,1.5703882854063158
0.2307340002617675,0.8638762231568995,-0.7513156946698123,1.5640044379407196
0.9065100684952521,-0.48877572479296627,-0.17743761941132274,1.2625668358355084
0.9014492738115121,0.20614147843120545,0.19734208320855795,1.20298136851349
-0.6927745453117291,0.6155198070845638,0.6143361491928403,1.573424799853024
-0.5866492126915819,0.37176723542219725,0.7813857505075381,1.1809734014865485
0.8242258241042864,0.39722889723402655,-0.9957836070591433,1.8441959392456986
-0.9311939140065741,-0.10254545862633369,-0.919645142915495,1.3230836002684323
-0.39107210178084784,-0.1918103604617698,0.8982484566636151,1.3765656155531025
0.35242893506492723,-0.8225823428382346,0.46643519555338697,1.2281979865737005
0.9605742501302597,0.23493409552498923,-0.8483549687271412,1.482466815315717
0.8404200925920788,0.6059979006246332,-0.503430618506356,1.3647123005345525
0.6452104006211483,0.9549979848629169,-0.5161308157819577,1.4489009762886012
0.6888370850927124,0.1858973762967151,0.37401399968020876,0.9587555348370849
0.07341083423440642,0.35894368173895197,-0.5665335983608857,1.0885846620602022
-0.6240060758722592,-0.8315807404216409,-0.47941627995999236,1.5871582065257734
0.5850490168157565,0.8005957506588652,-0.6660499029648721,1.3541857941425086
0.9692786989692597,-0.40273566057782273,-0.18744312859035883,1.418451154884413
-0.5166405601239845,0.14093035954986788,0.4289280248334124,1.071342971444193
0.45066750544460676,0.6457905634852201,-0.1054188573065229,1.2376595129217318
0.8141221153138591,0.2781641993893824,0.15278735599357196,1.3417250928765134
0.8507091399545057,-0.6549413426659556,0.6073196877503153,1.530204854969611
0.5012300415417996,0.14389877541709328,-0.9271126942789405,1.237883401651938
-0.854258442231383,-0.2922678288298275,-0.2791792434915117,1.3214770729600434
-0.2300639190248921,0.8606365264377749,-0.3161983709099492,1.2186561930253472
0.4912899933250412,0.007908681774349668,-0.8794391655742051,1.0185416841338344
-0.4611997916378594,0.44303121337485374,0.3464196778949371,0.7589504363957831
-0.514096676719078,-0.00383739114096171,-0.719238228532588,1.3713418213362294
-0.24875181538951718,-0.9739322615533192,-0.06529089431355994,1.3180232590587853
-0.27311553777451825,-0.309489123068033,0.4289765350263288,0.8401577006834029
0.5049538121189194,-0.5161891103365908,-0.36574003566652746,0.9240492065700645
0.7823408765078899,-0.3029079666370207,0.26145147237626243,0.8819727099954864
-0.6873355480932637,0.8647825207282362,-0.04247376544553072,1.327811466453033
-0.3487469759142843,0.5328962762336353,0.09828952592077411,0.6487716954665872
-0.6965204620376975,-0.05730097522506972,-0.4226701783121436,0.8836336182398785
-0.31700590339161816,0.48725529688398783,0.6620993437740839,1.307995979621088
0.2107385869396201,0.6121341411211465,0.9209733992647542,1.3852416242567642
0.6616773411994799,0.7663107365202924,0.6928006867369181,1.3023898886416307
0.41471251203462844,0.43016343563091897,-0.6757719172646617,0.9739318352011628
-0.21623208554211604,0.624351626498808,0.2176062002179675,1.018782097383463
0.34012911905726306,-0.6490056936136148,-0.9542158298103454,1.2227321657212649
0.6492212948621088,-0.03721230301539902,-0.35836739432410414,0.9276101135379444
-0.6188861426109509,-0.7656611023522975,-0.5230898558632326,1.489742713574775
-0.40965994190268806,-0.4343648068898853,0.872217809622005,1.3480885044521755
0.604109820771729,0.3762366720099837,-0.651606546977707,0.972198622095847
0.16415661476713028,0.6545153363576601,-0.39677411317115285,0.7882972303938082
0.3691941559918408,-0.41656572123697777,0.7040029835885051,0.9584744347357518
0.21579318040206608,-0.8774254260329859,-0.15125929011846417,1.3931177341142837
-0.9846763547547446,-0.6862954118178739,0.34633959004601156,1.3338139558354074
-0.6929096410457241,0.2257363247128148,-0.9604667511391503,1.3625698064827798
0.5299851056246827,-0.8678455414567015,0.5294900573001851,1.53365703785777
-0.7608514998624427,0.4297097394821534,-0.15308961097900275,0.9643701341443279
-0.3750127296638379,0.5198319986747666,0.5769321172044657,1.1917348301202633
-0.9897610302526021,0.7894678959030252,0.8081309974647399,1.6229779802969857
0.6375003372021448,-0.19693003158885736,-0.9709146839849838,1.3582713939670958
0.5855423122816672,0.792975016970374,-0.7460921812940835,1.3077026050158203
-0.6176490479715866,-0.4682585421230654,0.318766617782678,1.2415612468705175
-0.8505994584184322,0.9231654381451972,-0.36764308316024064,1.3689673185585072
-0.20956988194863557,0.8602692804366352,0.54348433548337,1.2136086223274718
-0.8503211811019689,0.23274126153729147,0.7119036607988971,1.2325372748070973
0.8533379276467512,0.13784865748601494,-0.11681795635363978,1.1314115698906124
0.4643570087981139,-0.5281269749828361,-0.23173918901254575,0.9441826349012648
0.4652848035010344,-0.10036782962060986,-0.12253865471689052,0.6788556496439363
0.8688606408292654,0.3724183169855324,-0.05522069141556685,1.1567975490768527
-0.22783763792966605,-0.9950298103022372,-0.3553863837251863,1.1664351237797885
0.012503151550470326,-0.15376177349224318,0.8655575172226027,1.271165206236538
0.49696784878036926,-0.8612274967698808,-0.6912875612218101,1.4057341055660515
0.5113275065012941,0.508289685979967,-0.6361828465420787,1.4090335733199872
0.5877197562752929,-0.015868612527286663,-0.020295452096644517,0.9578584700853616
0.9612128583369419,0.6298181938757472,0.23427292097719055,1.3430442963819735
0.42012854886933604,0.44399954193598523,-0.7042368647786448,1.302786734137874
-0.35312855326701853,-0.3605383448928441,-0.8237624584914738,1.0843536576412787
-0.7054362631441076,0.1180520164937191,-0.34750412306321987,1.1417878856730226
-0.5937601712499094,0.40439092409862676,0.9559577778081507,1.4360694556849574
0.9572720178043224,-0.6703628755953037,-0.7313568932872405,1.6135723592862878
0.13656141670068545,-0.406565570653173,0.02152208973683467,0.7428546713704929
-0.8095363418358208,0.7887966983437591,-0.5345448587394563,1.3061603665120896
-0.05261579300019448,-0.6479091920507793,-0.2625005191670007,1.0642371842622322
-0.08768159335836345,0.5880364796137758,-0.22399180428178922,0.9982816772546224
-0.3521512548561321,0.7082825329296869,0.23318120686217103,1.044658370830265
0.9231845883753993,-0.6539983256926782,-0.2859457642348051,1.476686846417383
-0.8544597074868443,0.14224405205315405,-0.3406745125574091,0.9478857822551046
0.9194894068413944,0.1293016594357721,0.8698857673247069,1.4690242912572382
-0.8341883069674649,0.024041268411004957,-0.6792373884536604,1.3616303510704135
-0.11245385095317362,-0.9898777196792883,-0.2570334801473835,1.1379977324661115
-0.31521376596674466,0.85886087017251,-0.24176057352459157,1.3885205380557368
-0.9088232321744112,0.266344339619474,0.2420206483073415,1.439089091202225
0.44900662113649936,-0.35437127199740504,0.3527667118130302,0.9935546663660015
-0.387791040651301,0.0029593663710594242,-0.12805326362892844,0.7781396112718046
0.30743386992491706,0.6153925905281692,0.41850142346347496,0.9856234443802384
-0.5446015894273311,-0.8052338877110554,-0.9398409487220702,1.6760715278938543
-0.11742846400717522,-0.21548931468372579,0.6326935422386359,0.8399240749162473
-0.807798222259585,0.6962420967904379,-0.4201412328540153,1.4109951233410825
0.6180035663138879,-0.8810016287384841,-0.960282210263242,1.8334702082274175
0.16952164356017696,0.10065166122741531,-0.18707763909028707,0.5742048974715261
0.9953816001201656,-0.38159983010905507,0.4376154852993961,1.2088121437786385
0.5249179422052317,0.7880603397959622,-0.227076310008558,1.1774344943822177
0.2792758629934293,-0.5303320397743205,0.4013313014976141,1.0244722103872443
-0.5294083342108136,0.3996175667762025,0.6442671633264765,1.2877174731503915
-0.9779211983028062,0.35184515397921556,-0.5605625298452899,1.6164203888301811
-0.38389327632628434,0.8595620899535132,0.09352113607071777,1.148246499718006
0.8962340511750801,-0.531865728272952,-0.289603606290336,1.503096035008661
-0.946506848321568,-0.31008292567718865,-0.4325367011021095,1.1604035335736589
0.9784481836361785,-0.5232781565613274,0.23958360881084384,1.2737596431395535
-0.2339166515902107,0.13695049964290296,0.009105154465349763,0.35671651974107005
-0.38575161776598366,0.7151982917148292,0.14048936805197054,1.1157213488948863
-0.0700719699068022,-0.24152041152487524,0.9765318406576808,1.2084477284636659
-0.8874842188289578,0.7006762384951224,-0.909607820157551,1.8051580557415008
0.13185920020490016,-0.625803996681441,-0.2859103968775787,1.1328593429154115
0.3995826510821989,0.7794198289179861,-0.8883442544295987,1.6346738610065183
-0.048320383300300085,0.8358299593789753,-0.2965684761765828,1.122328186173177
0.10036046517757913,0.30911453038086245,0.5452134462957823,0.8796987097246898
0.6096459184831673,0.31233361126916237,0.5402219723973045,1.1371165412436859
0.43998415066338037,0.8464170742074677,-0.05089541684282062,1.14975357415203
0.34613270683275776,0.05489701949619641,0.09874017288946324,0.685828953857394
-0.7439791033462622,-0.7229829462287167,0.9684084379917299,1.61186634705046
-0.8483646004640004,-0.9409573047012088,0.03754916141821907,1.7613729009951933
0.48806431819939755,-0.37631215192935774,0.3602658916212884,0.941830679893169
0.11881204871758233,0.8013121780887247,-0.650948093748053,1.2919299905587274
0.91621759702906,-0.8049447897294852,0.2659412343928522,1.3112759242351988
0.03343483248596413,0.26735506673912646,0.6842301486602622,1.0725052861053674
-0.6433727441610253,0.10413744903026112,0.24311126471122924,1.05194864203139
-0.44281636127298696,-0.933049639615023,-0.8130207534942391,1.3500819862726452
0.06405116314352055,-0.20813800121540682,0.35147717602385065,0.8239564952073763
0.9749272319660769,-0.768454416866476,-0.4470241766098937,1.6528602690056378
0.9344177166923671,0.7115673880019524,0.7791186555738121,1.890306647230553
-0.5860035300922692,-0.473549891945082,-0.014007356304657437,1.1268071418559567
-0.5654263260439534,0.21310413859347221,0.5032953233415653,1.2739059046370178
-0.9636531721990493,0.10505524041751557,0.6992575427859073,1.292959926474098
0.25346774657226656,0.35536498501056646,0.1351906998622936,0.8271226142522428
0.8199112430080742,-0.8054968959100677,-0.06416533420699344,1.2959403549064283
0.6496723626258694,0.8803392150612275,0.8046662667885629,1.5584975971996742
0.666030511206372,-0.0025972265798086536,0.01856213760709835,0.7966770588319236
-0.3987248254681508,0.6552113236692629,0.3464203256620162,0.8995358823918399
0.9142145654054121,0.4208774059563767,-0.4882876125846989,1.3196870565606271
-0.3012464644053061,-0.6942631042689169,-0.9138121144114477,1.6582930902490698
0.38847612639278584,0.2720093329590778,0.9514432409472715,1.3479553995860107
-0.023703709431277975,0.9650642922922748,0.9559315160471547,1.6795431005768269
0.16990418412826136,0.2306113725926624,0.8418705413959666,1.3715429442533824
-0.8289077980791206,0.12454804000042796,0.8011906245712019,1.5841628219382122
-0.7781688262054238,-0.0639771168520693,0.09037370361287866,0.883555775989401
-0.1691483200899786,-0.11134505816256035,0.6561552705162919,0.7880937966352191
0.2429458882685187,-0.3832941435792381,0.464335100790531,0.9642313260951488
0.36870720397830126,-0.45452501028874215,-0.8406618510624038,1.1062604999674293
0.18997653009327298,0.8102110560405051,-0.1707296254451971,0.8666272536584969
0.8978858427630476,-0.8056835230493482,0.32115163152346415,1.7221487946541891
0.5133279305491714,-0.41632529170239096,0.7809177848239885,1.4550547163438443
0.9457874268237569,0.19669436064098944,0.979220841478043,1.679317079637699
0.4346323360973159,0.23686686748994523,-0.26498744525087137,0.7563233404919166
0.9865074684103075,0.3622198721219265,-0.8344879400868443,1.4645797073116609
0.6434677434743608,-0.3329297725572511,-0.5416287030820617,1.3380132617925404
-0.9627174436328843,-0.00452832660810043,-0.8500960965225266,1.6534893104658241
-0.17868142783166796,-0.17613433723218996,-0.15659700771141982,0.5644121180097512
0.5630166615598178,-0.45595666836031334,0.9395779863519602,1.355019899354842
0.5149433153922298,-0.4644246705422135,-0.27455971728042394,0.7564168095901019
-0.5483847213059205,0.2469791863430817,0.7444745664632282,1.3313141726178008
0.9566471506184488,0.8782914307606802,-0.2300242712351266,1.4502166912644858
0.4258864611174231,0.22518650743829638,0.6788246554485431,1.2148357631937914
0.5310971118023671,0.07988748437817739,0.5421645955589787,0.766461714358634
-0.9474429030019997,-0.03460170239938454,-0.20370170490213457,1.3162818128213933
0.2575035763781739,-0.7780509652802727,0.08513911472018854,1.0439125114249703
-0.7053984366106749,0.07121878402279891,0.6596104895482344,1.0363978168191141
-0.021930885618611118,0.3683550047012887,0.7821258341710808,1.1693282122997815
-0.9064994505465498,-0.5910338493659786,-0.8808311618227738,1.8943508534307654
-0.24857746737597375,-0.8319781658600023,0.8138712423231391,1.4042316930144412
0.2197203481122909,-0.6134615334912079,-0.4187248519943776,1.0499275936309707
0.5263191230164472,-0.46992249928133156,0.6395852626036687,1.419081443926267
-0.7647601838073232,0.7053285761167754,-0.027645747960470146,1.2484755389021398
0.08658335118164562,-0.2625676504645882,0.7541258061552114,1.0297365972537453
-0.8845708756094115,-0.8779651252373235,0.4559829175957366,1.46269547661503
0.07807870808517325,0.9129812554905092,0.35666209064431276,1.4544358461828089
0.7208654208858452,0.9602152215846718,0.2022640142445955,1.3094924149886553
0.14225896636450486,0.8801991357754841,-0.7963898348814553,1.3021751462143418
0.4383543205116447,0.3366133955744042,0.9955981597020482,1.5027777705672136
0.1937240571939991,-0.9142580642249387,-0.08364722622899934,1.125155641451642
0.32896703337136013,-0.7387831090895884,0.4104660952794492,1.3753352702783985
-0.07129629379888391,-0.21981103538116442,-0.6191396119767916,0.85506813271113
-0.3158421180760984,-0.6288401890544579,0.6746833509211565,1.120198049035844
0.5019471423127038,-0.0788679333528044,-0.6557336075423159,1.267528495241645
-0.03692699677331057,-0.5379217749501823,0.32085869807961687,0.6318388246607409
-0.5080199957518665,-0.19031338393800223,0.5903934174566359,1.112960270789236
-0.2619546834745885,0.9260580909608045,0.33370081016848796,1.5087450516741656
-0.7743160910150635,0.31760452704578035,0.9610574618147307,1.5990683956541125
0.9532319197154979,0.6897674303308523,0.6156322509787466,1.5212935018793992
-0.8081099755678642,-0.02337004034110679,0.8038247647696153,1.577725234732267
0.6908424181546251,0.42233398974822167,-0.9474915159852684,1.3589850193792037
-0.6387710745710271,0.844398593208773,-0.672417612816306,1.2707946614385255
0.06774610538138859,0.7281160684148502,-0.20656428855944053,0.9400032680355586
0.1357846030519969,-0.561586342399572,0.2796048273835492,0.6907958498917937
-0.415316813264768,0.9552390736999614,0.21339356470093485,1.2018999302866247
0.5831505498498901,0.5472189288429921,0.6311977557698529,1.3675172379099656
0.11911035086114352,0.22229388362297753,-0.5939448097479996,0.8269727380682537
-0.8766593082426031,0.9821515404344499,0.13123191198136763,1.65790520889408
-0.19134583240476255,-0.5882412482966957,0.31297869563384473,1.1336209860315511
-0.2930044739169533,-0.17571018310202247,0.7180786393947041,0.9593150816926848
0.5333989281929132,0.8334795489530671,0.2908745402293931,1.3868478764818124
-0.10343607565925161,0.7388639604392828,0.680294755289852,1.45956603060226
0.08231440824581959,0.6970065988696561,-0.20236381464238273,0.9449592033584404
-0.19181070374609188,0.2745596842916549,0.811734140751615,1.3394694592721699
-0.3325755721102599,0.9634713958382624,0.17684586656458667,1.0679712939027568
-0.7743555872656687,-0.9605324388734955,0.056225269712568915,1.6182233749895127
0.3079625582234802,0.3050351043458581,-0.4287462269328275,0.9697421141156939
-0.5452344334886621,0.2063478184840637,-0.12747077878707858,1.0964041125211146
-0.9298909130281452,-0.9386044298498486,-0.7977801904227235,1.6250104846581233
0.06394396627392429,-0.578629246863861,0.9369208454789351,1.485739342184709
-0.1800722043926084,-0.29961095146505645,-0.20730832450510572,0.570292486728788
-0.07884951154756248,0.8075072406599066,-0.7988703422729218,1.5006388671344157
0.6613558354286735,0.5868889936132995,0.3288560545695687,1.1632404757487789
0.36189563538777003,0.1820018197920794,0.5824731006541943,0.8065373969386999
0.8055477534897268,-0.3883757661368801,0.2776706145877923,1.1430910292025245
0.2326210143875178,0.6022934221398497,-0.7660575214017515,1.353530367967235
0.8602744076531861,0.3414989699286448,0.96373215421931,1.5806263049863174
-0.7920964730461175,0.5009713414264676,-0.5100489082027184,1.407730358368084
-0.9107329128971409,0.6846779643993317,-0.8739143529793509,1.6509061099479152
-0.7184593530647716,0.24594773723651842,0.13656884720309637,1.1460729046640534
-0.570632125664259,0.66484590574337,-0.14969547747310719,1.2374582669837482
0.6158925401798474,0.9851248034395044,0.7730023271944062,1.5302331483899396
0.4905059713731381,-0.42539499384951096,0.7076480922623947,1.0375098578256496
0.6134806811499336,-0.6557781652028019,-0.5150395200080422,1.0588070073082727
0.9783717475257376,-0.9694444088623462,-0.4511688800481146,1.8894680215383246
0.021870721129470194,-0.524767408676075,-0.315138164623078,0.7356231547114833
0.2814305460454214,0.9489239843510695,0.8129936728232139,1.4796564650508532
0.9572095205334203,-0.7077511210908176,0.10634153377571343,1.395936832378836
0.8057069190306869,0.05437416846367116,-0.7780839662569221,1.4594361304144043
-0.5171603906051123,0.8681024447420791,0.09731603714897807,1.2971141704247957
0.09974244953488176,-0.16032245548523005,0.3444185522855794,0.5394572462793749
-0.5962394730350924,0.06419557918886909,-0.12530534510255165,0.7961100197219813
-0.6776380674752767,0.029224685509852133,-0.2863991277253477,0.9093261270778131
-0.23545337421608914,-0.8874452131705513,0.8243312077169902,1.2735078402254167
-0.01799562051732484,0.43107315381561784,-0.6903279380149276,1.1326250748830067
0.7954135649822258,0.21802907822117668,-0.41282686935058854,1.3989217228310924
-0.02421602256910549,0.8010872179632513,-0.029046890741245557,1.1940705414344113
-0.3496603887451266,-0.879318943534898,0.3352903367439637,1.4621627095782537
-0.5088118992348896,0.455743371625871,0.6506112587655268,0.9487490272800068
-0.3940310658529671,-0.00735065133121382,0.5959980121996815,1.0620274848144076
-0.4528459694919027,0.7055185897341607,0.3351511832634133,1.337023639212834
0.4017053448064696,-0.05708654765308463,0.5016225916049761,1.0475720386570604
-0.3132432417248061,0.8500546796420383,0.2647552979166974,1.3924110683231907
0.35482036781429915,-0.6078180940223961,0.4803766894756425,0.9254462482729894
0.33210159598487565,0.174968207864312,0.13723567070417042,0.6188069066147273
0.747384961168287,0.06495558265977452,0.889257393110102,1.4260580954181883
0.9550973344113187,-0.8173705973934451,0.7514706852734627,1.5229795128056713
-0.17207861531438606,0.20191581832863248,-0.25011720772385915,0.4299069338101816
0.8715645273706705,0.6199006529455757,-0.9825265406940129,1.5899912444952875
-0.4219027045363186,0.5623614219273101,-0.5286378779981462,1.3261369212034728
0.34705241859213665,0.8675408840955243,-0.09831600338144053,1.2590827869536372
-0.3365327762619186,-0.845302764810351,0.3853515822790856,1.386642135954272
-0.806725429717962,0.9145124401626981,0.4486538893300287,1.4416394600702762
-0.5258035212342136,-0.7019921671906157,0.41640109080174814,1.4077155806545658
-0.7860298795850293,-0.40814731459274034,-0.9987128374153791,1.7358991427738344
0.2578413537051887,-0.7644061197878556,0.6602334377103523,1.4960660651637583
0.14967357915761137,-0.8430447397456271,0.43142645157210824,1.2327306409054557
-0.3382885516186003,0.9268579343365377,-0.6482633755601432,1.25602207770553
0.1646851217760188,0.8779024149492003,0.45165062995409655,1.3931170965655046
0.7434799769850551,0.8117307871793884,-0.19400054717384108,1.3616508599320096
-0.8364783924181067,-0.22776797978574526,0.8957733548749571,1.3173778608150468
0.6904211406459182,0.5776463310236806,0.15762661109457343,0.9352511068910081
-0.47506635894942617,0.9318883384606456,-0.20019770205845533,1.4166031130179
-0.9417349905496091,0.6946358204799785,-0.25187863635257757,1.3414384616258035
0.14991682111859972,0.40107601948084026,-0.5489950571877174,1.1498209138241668
0.12165868124310508,0.5775190056427357,0.8203085061644038,1.2686807032964194
0.7294240945791544,-0.13674464492864136,-0.8225083750864655,1.3890028371953749
-0.020302408734499622,0.41042994225246177,0.8043196624468263,1.240525853262895
-0.011937930339301683,-0.564434449245238,0.1381249919659875,0.8133611615405616
-0.06722213670901045,-0.045058526133744614,0.42883743386687034,0.715301312672934
-0.7185688605992446,0.37880424616137964,0.06836384141844443,0.9996718262718152
0.06544623158669172,0.45705001988339067,-0.19920129636775052,0.6920958870055369
0.8167783403220099,-0.4117466891821311,-0.857347465219783,1.5854575023312982
-0.7090186549565825,0.43866756273644913,-0.5062182186669932,1.3760344009417773
0.17122233939825193,-0.9960760441937206,0.5289439307576023,1.3771287873846685
0.5843196262330026,0.19219499964298414,0.9361420564315865,1.1827695666397116
0.5766206230085189,-0.4584368676655106,-0.6487050233410034,1.387433369626416
0.15970713665104097,-0.3703434540586734,-0.4215044192043691,1.0719340899810619
0.2385852346973505,-0.5799849430086284,-0.8798021794370368,1.2965035593326661
0.86377045033984,0.8116859016494504,-0.5369182511427437,1.3604645188893176
-0.4317692368850239,-0.6632409611802899,-0.4378027386604617,1.1544679591616491
-0.9841888241715566,-0.6182637883316637,-0.23472835106844636,1.2962522628372506
0.3364075811031413,-0.4802320821496262,-0.486195902560806,1.1528420394341676
-0.15903422270719325,-0.974471500384227,0.13702657164470833,0.9968552203726997
-0.7632680261585341,0.15254244658981686,-0.3561770542761391,1.3313522554933024
0.2537131985406318,-0.4100371021314362,-0.2175700815205195,0.7500924678536675
0.08871510025925256,-0.522741661511124,-0.3346796659699507,0.9743468878994102
0.40233986197732907,0.04391296684521673,-0.20604622385016547,0.883124926029782
-0.6139703070642863,0.265948301828854,0.5753622911815783,1.0425071166992832
0.8779584279192998,0.6017459948759072,-0.4866424149659736,1.51540581429977
0.8128848775687654,-0.7471154795884356,0.5343358062380001,1.4284015403846593
0.7754466743633852,0.39815503299583743,-0.9620499872964008,1.384407534429557
0.9661233105922313,-0.7023868500536268,0.48828428908216637,1.4635763083551163
0.07990160247865319,0.028602193660225428,0.7013461310739006,1.006761964624161
0.4818723641853473,0.7045393035368479,0.8206050944380769,1.3150975492629495
0.8202850807526518,0.49933728544693845,0.5387764217989359,1.3934821163618158
0.49607387023861715,-0.2345894639940831,0.2502526214500822,1.0679220398994007
-0.7846289300683187,0.5677252131663797,0.04330851384717227,1.012853513120486
0.8665758072928942,-0.7105669862320578,-0.9490456846024435,1.7242286841759014
-0.8177308737301217,0.009882554171586344,-0.8854893484827797,1.5210046319920665
-0.593449670370304,0.5606484324034249,-0.8666039763934545,1.253865940806963
0.43906201225887775,-0.1279670519149938,-0.23257363282469168,0.8239826038077289
-0.7072139514515288,0.3576769532473689,-0.23322307600093217,1.2149183719237
0.5410175289174408,-0.03233154716779696,0.6323276525475645,1.2168948789036178
0.46278724785768244,0.118587741874284,-0.7016846217419686,1.116568291655752
0.6654026978110148,-0.3108027243606908,0.42485053451217714,0.9568948872769895
-0.7631325822864898,-0.23098019840300088,0.1754542282366136,1.260153703271786
-0.4831746381234021,0.37653598529415566,-0.4479912341476906,1.1124018380439242
-0.9779675001767532,-0.7888562386923168,0.4687899012505925,1.4754149689138223
0.6300434174654468,0.9244639770153695,0.49390645625647567,1.4286912233203397
0.5827582899489592,-0.4276792944575236,0.5459418496874353,1.3193061973913243
0.5497401023362882,-0.17180053478353985,-0.8598506434986575,1.421513291854129
-0.00025795185193566716,0.2295094413328409,-0.9162782753149985,1.0805922205120542
-0.3364914191750241,0.3943769813859661,0.49357859199354115,0.72232173826637
0.32872502607316667,0.6957686135515477,-0.6975955495305686,1.1272216788936777
0.35458402751019236,0.848128261017957,-0.7652105023051252,1.560551120297659
-0.9215404682087269,-0.8730278505362523,-0.6937459449993797,1.5339948588816796
-0.060795536859066024,-0.38415773892186,-0.17610728807579012,0.9248888915463997
0.6575406607126568,0.7843659100064335,-0.6508518746768552,1.2509174671829109
0.6566862052256586,0.6126182670661937,0.38647062370823293,1.2572667334407965
-0.3998026615846244,0.6486161022472556,0.40807791676904315,1.2299512479117802
0.47469373191896236,0.16956688212209703,0.5641940199291611,1.1552300940912117
-0.7306710541208541,-0.3298781597343434,0.05778814551456257,0.8425292237764386
-0.40978343615158486,-0.8906754334301406,-0.9598968656977809,1.5808841166796168
0.4495460526552981,-0.5281331437164929,-0.23835168008904994,0.9550095294785668
0.9330877740796846,-0.28940281550904645,0.09893581743859281,1.291985861237309
-0.7278298139295656,-0.864970009296389,-0.9372388033978065,1.5533764554506646
0.28621367826312616,0.49957901205825217,0.06258285065826419,0.807816788454669
-0.4538485279079145,0.11191513454016833,0.4339494332754912,1.0900510686623346
0.1802596436597046,-0.34464825466282356,-0.6134332661096675,1.1532265312679024
0.31349957185682387,-0.3563834980079432,-0.6109624182726632,0.9976163550217344
-0.6887811142144049,-0.9181606767456851,-0.09519528800058596,1.34703845242497
0.898785670045251,-0.8620113750439458,0.5411157013676218,1.6776801480382502
0.11272505036006608,-0.28950294440931157,-0.08300765129826404,0.6084160379825397
0.4517023261247848,0.8479574525604041,-0.8837726460510338,1.63512051625818
-0.17136184715440694,0.64844818281099,0.15238719160904268,0.8484967693840462
0.8161201278129746,-0.6025480331725226,-0.6633173713042082,1.667588168931934
0.6623099538331836,-0.11824167636460414,0.41717967270886924,0.8654889447253782
0.966946723919718,0.34267702468836525,0.6499701250035701,1.2506307333660474
0.9958924551708144,-0.8393867477103709,-0.42800551266549247,1.7730155904153815
0.1805036805162752,-0.9667750405605411,0.5306579925368253,1.4142293705674873
0.9233316152887647,-0.02367187417440908,-0.7585674300672052,1.4468826147102305
0.10461409738328897,-0.756406326865126,0.16143907455127282,1.2140639531581137
-0.809321310894551,-0.5359616099907638,-0.083726011213892,1.4097220206539904
-0.5088532499949401,-0.9282817435509183,-0.14463135817433037,1.5270142144405894
0.4030342168473713,-0.10149067899813491,-0.7676361001055925,1.1433610088477115
0.6615497853324794,0.25469999899105833,-0.9529796142410742,1.5392132257302804
0.06125793297114779,0.40493518864191724,-0.8588754856678995,1.3077078135265707
-0.039845077626990744,0.19455772757012313,-0.3314165411710781,0.6808641247481395
-0.035983082030137004,0.5939853558673283,0.8015853284430681,1.0564738865029186
0.5012615642679188,-0.7072101205198202,-0.8437244740999597,1.6057424108369238
-0.6070178577816587,0.998888509675627,-0.5736908376392944,1.4889336880480617
0.7323228010392122,-0.08006408833448253,0.8283732306890919,1.5060217954155524
-0.005298024579580396,0.9208802412739905,0.04989226782995737,1.006940151133009
-0.7914263857617794,0.7631903269181899,-0.43203601651955204,1.639779870164462
-0.09977720546724034,-0.8254866695644989,0.2358233698226806,1.2708528941444035
-0.2869685292539932,0.805104110622179,0.33439241351542126,1.1906335826854866
8.587141823035438e-05,0.6364663084698723,-0.499271990447258,1.2873620508401995
0.07411283066551166,0.21331301619851817,0.11986801676224856,0.6848479548179618
0.2607503120654977,-0.41058157853883803,0.3392397404924061,1.0783770191875828
-0.33990326276223914,0.8960599931786841,0.7781536855763183,1.425613972070421
0.08709229766254745,-0.33198886347541356,-0.9113967979567965,1.0278526766335656
-0.19508063859867408,-0.6947842985900834,-0.5053779859293412,1.3079431622527873
-0.7071599550064602,-0.7058145316069466,0.3882581144201742,1.228904588094619
0.1752469055817225,0.3588213662968973,0.8149505731017372,0.9579152010098131
0.5239762659716998,-0.4243545245592868,0.6959773737795012,1.2197380822612771
0.11410053357085936,0.5798822506848091,0.9049079245557319,1.391380530940887
0.8491298465400337,-0.9507638517459591,-0.6585769826110459,1.5554907612696147
-0.0513627970132835,-0.5762565163004232,-0.2843491336911288,1.0753036105157745
0.743819712010138,0.9480833639183548,-0.46483339451543615,1.3643842497872998
-0.9667820028528495,-0.6876432283883822,0.19792045865290508,1.614539110435305
0.7492973343430445,-0.22731291132175802,0.7122866557774148,1.3836871346562818
0.0578259566782644,0.4042501941065606,-0.40288006169309476,0.7663814740490861
-0.5616906483591206,-0.18922866784420123,-0.3127310421104552,0.8569620039008818
-0.8147441610851058,0.3002075466174168,0.8029828284546343,1.1959705810286645
-0.5825849324131847,-0.47228939916112234,0.3172610665429154,1.0867021966159314
-0.1652015813360992,-0.12304024549719261,-0.437112272722765,0.9799680892080385
-0.8802919411906875,0.6464664632117909,-0.147361137055114,1.529489348377019
-0.10596285228870794,0.7275211985766004,-0.5687679854165155,1.1053872869720553
-0.11535813131049966,0.09344580381198564,0.8115939361978466,0.9032001734240107
-0.7745425041114329,0.11362117167237851,-0.937422022757967,1.6641876164208687
0.067512039756362,-0.17487905056623987,0.5414676796290403,0.6785151909324172
0.22908580487648766,-0.5205749575952532,-0.17007994207865873,1.0592252549792633
-0.34275226503193723,-0.9010119327748218,0.5459009707278286,1.60702265308968
-0.1930465878307699,0.8797671577040487,-0.7852759781376222,1.5849564876892555
-0.600473963066424,-0.46352605592266527,-0.5404822426990294,1.1859206061514775
0.0743672787096663,-0.8010076040861771,-0.7711423071475281,1.3391088505056814
0.9651224826172737,-0.14509547590206462,-0.7526342059987179,1.656064516552545
0.1196365776238364,-0.5291779191803283,-0.23349349409572984,1.0308220300499222
0.9336818867905847,0.5382112341147518,0.8762455107818774,1.884002083222421
-0.45471422914960646,-0.05281852926932751,0.6185519537864834,1.2636072496148856
0.09067899103950228,0.7835708078991741,0.926840983354186,1.6652307785462086
-0.7392707382094863,-0.23657859065190823,0.9650896997628138,1.677588326432706
-0.480387946822721,-0.7757789457311215,0.07296282531303633,1.2121869392762898
0.39160628563159916,0.39292871882651514,0.7959379892159295,1.3457455644402256
0.17708651090985583,-0.19639035131773142,-0.9318624874356201,1.026708921361179
0.13854908154697987,0.7440661412702021,0.3712762203230584,1.1646150086509826
-0.6764963724566726,-0.8083579919897814,0.047074627595370844,1.4033501016412613
-0.0868063184721406,-0.9735287397007928,-0.7152877968027931,1.391268982829573
0.5504854219961075,-0.8133191747620279,-0.5286552119139591,1.3385770920025246
-0.5215751926092567,0.08216195429676332,-0.03581201542437085,0.9306891000065254
-0.32827683988646594,-0.7867275952314463,-0.7022267949599019,1.1488768769604845
0.4825873656314048,0.33904374471330323,-0.31479027255961656,0.7007061844241422
-0.9007277347554392,0.2149942824524722,-0.5433635205346623,1.0753169355026186
-0.07735891015345109,-0.11993714670210798,0.6941880734008574,0.7648588749057352
0.5715707253139661,0.8199872301978728,0.8331764279452896,1.7327785566452802
0.5231502550073059,0.020821305979529692,-0.577240010950727,1.038516770437766
-0.49246704928173957,0.08414466119263153,-0.18518312048688435,0.7886968115986333
0.24286684441710027,0.7367756558645104,-0.6381825191898491,1.091253693607086
-0.7849771666806085,0.6055808419469066,0.9813460677788839,1.7759894803739797
-0.05966586993043621,0.27908972905537044,-0.99306574096102,1.532304328633689
0.13126299540571074,-0.20369170021681704,0.676003171237316,1.1600307130883099
0.16961012800384023,0.3412484254796049,-0.31585113008594345,0.6373106691572636
0.651616302319334,-0.978656026544324,-0.9430482198942003,1.9398242780504122
0.4236883938399214,0.9588313481376469,0.3473267929999828,1.2898411582578406
-0.17340442844342951,-0.8417127815619281,0.9395037412179668,1.6554234306093214
0.333535082528978,0.3027520414990479,-0.11138209937291976,0.786112603192936
0.6100256583571364,-0.07645421947180941,0.6599501040102767,0.920806345627335
0.9964884262355271,-0.9014060076048473,-0.03691221003205225,1.4486018542502803
-0.6266374717104279,-0.9176215760357855,0.414951000907819,1.314051685639995
-0.7737374083981363,0.17460990652091501,0.8531409926403404,1.6037178991693946
0.6053719965106488,0.3259561600786991,-0.19962741595654832,0.7636290241225621
-0.17078485339620997,-0.7140750566879206,-0.7338974546854184,1.216523889901748
-0.09195729845219058,-0.9863879309181824,-0.18343009166521318,1.3714247435724256
0.8327307086178792,0.8815474347574326,-0.2028287482925153,1.5620763125648092
0.38451455850428395,0.579711582345726,0.13169945295345742,0.7950503096707678
-0.14246697894735916,0.0834027329141589,-0.16142681748171506,0.6990986407001056
0.12676897235958462,0.8027351335952337,-0.04539622317977465,1.1118814533105992
-0.48561490715132316,0.3074811715010648,-0.28007476122005515,0.6768654787976256
0.9140444957941736,0.42557858120954606,0.11848655499453797,1.32182770930528
0.4757568893809898,-0.4048175273495458,-0.28044544063304055,0.8151812837765775
0.5333910676074056,-0.21815726555469417,-0.313313291995555,1.135895653771717
0.9596652389308542,-0.09671121093983626,-0.37695910846860126,1.141278432883004
0.5139426604288366,0.6591778811239761,-0.3269182111236022,1.2139727184859475
-0.48851099549013566,-0.665166924913799,-0.137074757343427,1.2059547800844848
0.42859801860582447,-0.47538211235015293,-0.23975111571886165,1.054209805327477
-0.9437005033697101,0.6357806002825075,0.47804276244319555,1.577921619639214
0.277313432464537,-0.35881278915340276,0.39633229494222433,0.7401298894638295
-0.17682777424615392,-0.25658536686112,-0.5213606096439001,1.022713167819967
-0.21131129595001052,-0.8712628308293564,-0.19925452202977278,1.0744386276519893
0.673737711288322,0.14472333236530766,0.22549317026059468,1.148222056595987
-0.06213996294080415,-0.1461387760525299,0.3268867173827801,0.7819487119348358
-0.41285859535445013,-0.010991733351440436,-0.4956958550484081,0.7440034960633339
0.6211941979344093,0.8064137605322679,-0.48311391008525395,1.5618214494162799
-0.23319918181748167,-0.5238627828074236,-0.020607004013383223,0.9005920932200115
-0.34947663574823307,-0.23419545957522914,0.6004579853752592,1.016526291157452
-0.6239659939907318,0.2679974447728781,0.9424892145993946,1.4608961506932832
-0.2513640150519896,-0.9386672164050027,-0.5905380772696571,1.3652237396075952
-0.9814913488068053,0.0749762792233315,-0.2377986297582626,1.0436830561415924
0.9606614490953411,-0.03574607723011569,0.5749076725109765,1.3450695194723354
0.9414445254294623,-0.09452373503422584,-0.011893984643165822,1.1969468249721573
-0.5797220813051376,0.25248015266069457,-0.49785398394652036,1.1847969823753488
0.6506932210889218,0.6183030910569363,-0.04825554842583313,1.0637708373583188
0.7756627152167967,0.4380190388112295,0.06666659651035411,1.1146742015172644
0.9902049111620255,-0.4833012458688002,0.8539903616488251,1.8590526313559033
-0.38879205286231167,-0.46170859557997423,-0.7443000932351289,0.9844501265186631
0.9075500048242882,-0.40453467594727366,-0.3762654436997004,1.4540786183586292
0.6830705706576898,-0.663094876719748,0.4591016129594525,1.4124626372837104
-0.5838920943383334,-0.3450920684757901,0.1710061513140717,0.8802725401749139
0.38899550015929796,0.10733785463407797,0.6150191105631055,0.9747712532891231
-0.01948509829248457,-0.7450762063099492,0.6583530784854752,1.0190210236760862
0.4199792797784374,-0.7738160795422298,-0.3128010410287365,1.3672501996402933
-0.40454733279134136,-0.7157987118351818,0.12236400394417468,0.880898363028312
-0.3633810172511489,-0.187809236500871,-0.9580543950227483,1.2089060948762447
0.23511120433712884,0.766466825889069,0.5006312424537296,1.019477656482307
0.7334590203987768,-0.3099079999088912,-0.7798580391998389,1.3244326952000136
-0.9862188809395034,0.44430442443451246,0.9223809400231706,1.8419240748752974
-0.3665317479715753,0.6348365549340482,0.06394650397496404,0.8616131610453436
0.8763612789290736,-0.36189612214101907,-0.6634312315098791,1.619315201688123
-0.09971685230695426,0.6954738216372025,0.17439767915588922,0.8300051133099389
0.36708260042120444,0.6737722651915989,0.6291450089604886,1.4226200816757775
-0.8617458785958434,-0.6921746595613305,-0.5185518383835359,1.3596514001391524
-0.4921012305508976,0.8608550714450114,-0.10713740984771469,1.360431677187019
0.05272391074393101,-0.7522822350793834,-0.926741519022575,1.5546407256076038
-0.885858325258557,-0.7981741129404845,0.7212086446128887,1.5726196504654142
-0.12315369760589223,-0.17629490854775942,-0.08790588835016311,0.49835731684853557
-0.7145561410666559,0.3610152730528302,0.9167782067044608,1.549146761645991
-0.7806898698735336,-0.208352832660065,0.2322280702216455,0.876980998735039
-0.3220346748955123,0.9269738713303948,0.7694678766962204,1.6523907092002004
-0.6674551556558641,-0.7432680359080577,0.16487855208175084,1.0370635050200683
-0.6666310723638837,-0.7634598687761236,0.9398297990679125,1.403480353922461
-0.2947861471222961,0.8102569471919783,-0.8611393584996194,1.5496758248209923
0.6491465122413926,-0.6180936189989676,-0.961527066430008,1.7335171391456232
0.4731152844392357,-0.29525544741535836,-0.955133206875395,1.5715824098712838
-0.007227860494775751,0.42302103670186364,-0.13917425767564828,0.5275261778945368
0.5291379907462312,-0.5539022506410285,-0.5431911636321569,1.4071561682008107
0.0531509592310877,-0.19919239578958448,-0.2607883015224919,0.39188961295344665
-0.22160683598013375,-0.6490994521065168,0.4071479605560637,1.2274632524533764
-0.32450225141497424,0.45912089809454226,-0.6841470610422054,0.9750427817414209
0.4540662585945052,-0.16224585087448973,-0.7788471752252932,1.1160928163341628
0.0866037921700642,-0.37667638083260946,-0.737942283079404,1.1664954253498323
0.915194257074911,0.7174531420091046,0.8183593240927158,1.5818275588163946
0.8875791901386674,0.39876019079615443,0.6483997353251252,1.3665504164338143
0.9273579583815663,-0.3466789039592677,0.4245469389199594,1.1491378389431657
0.43909630617157,0.020972093429305172,-0.17419244852126825,0.7859484106864529
-0.9548204870334005,0.012821252992320842,-0.8696752990102616,1.7094017477196075
0.36922901075485703,-0.3938372450333141,-0.16619982447265857,1.00887011918313
0.20778688230856024,-0.04872224149976345,0.16219174172055184,0.4997687667177377
-0.8288242669727366,0.32861234528990235,0.9258970582035722,1.2927232959270587
-0.23198337199596186,0.6217568526709232,-0.01423151951631274,0.9930689127082025
0.888597292644151,0.9396457406458834,-0.7306737665691778,1.7361532887904363
0.6261974572177353,0.8180364322122267,0.9710421678947447,1.5257304455113863
0.8774274719727733,-0.5781650780665932,-0.9655152714533477,1.7567240057958033
0.21194204493112578,-0.018797783266368384,-0.10788501570682718,0.5269878328630754
0.181262768007318,-0.32610695907240017,0.9877712994723149,1.2109168517657638
-0.806187259441459,-0.34516317035519517,0.5405118087353562,1.1097664018153295
0.33983883845313256,0.2717813620292655,-0.9383741569295947,1.2584450241383687
-0.4972535367508508,-0.9170437719504057,0.6827887044286751,1.7333326120307353
-0.42444277697396804,0.3095690196251688,0.33339383002176604,1.0570475666957764
0.15333527523071333,0.7756497149361021,0.5350394092703494,1.0909794149727827
-0.5401749969107841,0.26862323979746483,0.42413906615155317,0.9014463863484294
-0.9681277811487414,-0.4075082813903199,-0.8685591262254946,1.5309720934774222
0.5151457773919317,-0.21571118416041046,-0.5879271330164653,1.077965979554764
0.5267504169773696,-0.17721360906059247,0.1976662790919339,0.6312491894174834
-0.9112019560951177,0.3321305478573944,-0.25591231358134525,1.2991817774849008
0.2873280476821074,0.3376661363010913,0.9007843709321193,1.1531431018408473
-0.3138131573585725,0.2596764321912006,0.7252059186550395,1.3059384672040242
0.5149614969023588,-0.5795578799778689,-0.46713553531868746,1.1291105461310942
-0.03981985802376653,0.12791880905014574,0.3694798932694743,0.5811653710576601
-0.7320401216028112,0.7712444762770096,0.6713813373069473,1.6371323107697284
-0.8484172005058777,0.12731539387908386,-0.8986181844828509,1.3569403410250955
-0.7102826681597862,0.6391970544837513,0.14693002714937986,1.1430111181466014
-0.3018437921167043,0.27667677825690795,-0.2131060514178864,0.8978265645460295
0.09102003966929662,0.06960685303219583,0.6234876182449567,0.883751534415483
0.7348159850152642,0.20507816440148385,-0.3586563709506252,1.2851642541994983
0.17338831858376835,-0.24028394576570844,-0.9392719806273613,1.251140490952159
0.4690326859922882,-0.5951551306026404,-0.8280984174079664,1.3933347704740937
-0.4135674873158188,-0.4160264593126701,-0.7272842712342713,1.1534625760926414
-0.45141808947306483,-0.0826177758463007,-0.7755506175355733,0.9728574511176129
0.14148051949650475,0.01975891582573719,-0.9921080975731127,1.0310821349914665
-0.3876357076293946,0.9680639239511772,-0.9993354918710093,1.675736363046819
0.34707239042143057,0.1211211566708863,-0.10023716503456837,0.3942826502641309
0.25706684573161276,-0.4500834910447684,-0.5850361912991131,1.1437351483071194
-0.5317481975483187,-0.28054620786088136,0.8164734749497018,1.2062114720151225
-0.3881970764454725,0.4140080812612994,-0.9681977468822047,1.1975013375139603
-0.4820712989796363,0.9420941769136817,-0.31053371335821467,1.324848274684236
0.4595979625719304,-0.4689943298160144,0.15976365033172102,0.7650580964486864
0.48671628689077173,0.12094808535677726,-0.4682120203495055,0.8993433598000706
-0.6540897912074335,0.23745223024347828,-0.823786390775205,1.2138138353791277
-0.09958989954181252,0.6589772760341912,0.7179975180124365,1.4354631295545208
0.8002944995379155,-0.7337051758904141,0.1379914517877865,1.4908942171642945
-0.7485210912457054,0.540721992225287,-0.9416614357851392,1.713993654816337
-0.27405098885505064,-0.41385704197687656,-0.22836075908004294,0.9699583827709568
-0.8320819141007114,0.14515265264867483,-0.8320944134631056,1.5367957912266381
-0.8703877572722372,-0.40025086420283773,0.9642325933680289,1.39018906037448
0.9399476090721772,0.10693732952003199,-0.5321090180292776,1.2148604654747857
-0.41332698134153745,0.21056234756566505,-0.8953843166759632,1.1501904529957447
0.2731424943953493,-0.6665084035472055,-0.7140691498001432,1.4333657696274993
-0.16742208709329054,0.6114577679640776,0.947010845469517,1.206894218564886
-0.735628755304534,0.633703025002369,0.7317636724519874,1.4987975983894257
-0.5994374907282167,0.2920949732178313,-0.40096357590865517,1.143411095589728
0.666862422168075,0.4964044801800436,-0.30494421106923464,1.0955571649574347
-0.4369323713150608,0.8882862680724521,0.2662027007158865,1.4833372997352576
0.5176352332409377,-0.6580973039058342,-0.964128491698377,1.6088517089392254
-0.002327254599369777,-0.9916467246277447,0.5502228651532872,1.2094996015275057
0.16684149823088457,0.849792681212282,0.257997288234872,0.9042889203825801
-0.07611839566735523,-0.8755497078396774,-0.6158238974493175,1.5112125066038946
0.5255713690147068,0.3220992642265228,0.6459155443069111,0.9058585627014293
0.8843389088732576,-0.37648080716877463,0.8833980841248832,1.7176278679404544
-0.7544214124001614,-0.4685632541802842,-0.46152004119632695,1.4245357574426536
-0.5008523067155053,-0.27163504549106676,0.1904102172408204,0.7206625617286877
0.7941006081678292,0.4601345509589221,0.4716616388992376,1.182125215616453
-0.5288789822313213,0.773958866143371,0.8954859881597368,1.391289793621884
-0.629177029176581,0.5635017876646715,-0.7240533658526889,1.2564155305776565
0.9160537295711477,-0.9957081139255906,-0.31463564053815185,1.6077990256207304
-0.86546497184872,0.9641638317137822,-0.36967647068520715,1.3743370204428715
-0.6714992286623855,0.9427851691837665,-0.9653232639168339,1.8252398502445728
0.035601749740481914,0.06623682261645114,-0.8441803721473504,1.1273195304189814
-0.4657910265817444,0.8207315477627355,0.2035045955521062,1.0961177199259375
0.7452328861307096,-0.18923515402663482,0.41283488594438245,0.9840155492203453
0.39857817616406366,0.6903113465771105,-0.1991563367036122,1.3154259798242338
-0.46267642540110754,0.3116632518907505,0.3517604365189537,0.6978320404363993
-0.29841428242542123,0.9109194871946678,0.8478448589786427,1.51597001598824
-0.7324261952123807,0.039454813748244444,-0.6599718720658481,1.1967942369342217
-0.8715577702487483,0.360601716413643,-0.20326471224997777,1.3968425363269361
0.025370000251462077,-0.8048412342855611,0.5787209358043925,1.178626372535167
-0.4292442160750922,0.20394928441959448,0.4111006153987877,0.6893801642413481
0.4245323323963308,-0.9603806600245306,-0.9351232506113689,1.5541420639746586
-0.4130179812410215,-0.3011554521759827,0.8017307024142575,1.1429971327184207
0.4450773501400893,-0.7661060226230612,-0.01231198471155115,1.381315255033386
-0.3689649341418171,0.880195465501391,-0.7296586943592593,1.4583757196490772
-0.007835679848928079,0.660308508794017,-0.10464095803509776,1.1388788972870172
-0.7699261313520953,-0.63387138464681,-0.9661905483491311,1.7983812536303787
0.6076110870421922,0.6738946077441836,0.9814562574192296,1.3794604016024121
-0.5576087568602877,0.5589519980240065,-0.030506583688121314,0.8212390605399931
-0.7934053369921237,0.8091019542186919,0.04880112102245948,1.4562413369908143
0.778757922572175,-0.41560497722846534,0.9269645136621272,1.2872573475731022
0.5512589703588981,-0.2633170893264136,0.8805740816676613,1.2456357917754897
-0.5875246638921876,-0.3155750262441761,0.9945640841443184,1.2713857465841012
-0.13321138620944217,-0.3189923088257416,-0.7106210387724083,1.0253004585604413
-0.7207033839932377,-0.09522183942442486,0.13790543077155815,1.0806833789948918
0.6523827684550041,-0.8209137889739468,0.5283379577146503,1.3819263090377492
0.4808790240817087,-0.22145484444343122,0.6192783060707598,1.2737751015925343
0.27431120866236736,-0.6286142852578303,0.8194418706363613,1.3432580463797983
0.2275925375190755,-0.9941284355782611,0.6832793145902127,1.5691067606672855
0.9246149135107005,0.03879522076842079,-0.03231078675774168,1.1972750716749805
-0.8652228180799117,-0.7983207975677808,0.4981782678617752,1.3712907273391068
0.9579138271947942,0.22395123592744737,-0.036254879947144714,1.1441216660613647
0.4886701909564328,-0.008181611639975328,-0.6475693943620737,1.1221456866578543
0.610695970933782,0.4312904689016963,0.16167172107934058,0.9152741586494684
-0.42944876490643313,0.4076880436729686,-0.8974394442741827,1.3226119445765534
0.3526051226349376,0.0054605843036967805,-0.8400392907354499,1.1410766080433663
-0.5446962287159911,-0.06312731667435822,-0.6838134662301893,1.1825717414529922
0.49457205517603,-0.9139320231637502,-0.4331906279471869,1.5904090194760312
-0.2316288652164924,-0.8411877108096448,-0.5776061808841046,1.2804990753086316
0.7747402020901573,0.21558150765387385,-0.20748931061575804,1.1997305454805587
0.707967462030068,-0.09544331834633946,-0.027877638272362004,0.9415640545862556
0.7182023332668022,-0.6544572985671258,-0.2358319500816417,1.2877978956059377
-0.06860848004218534,0.018493340447386597,0.46764981744663103,0.7311643212045412
0.7299109697368324,0.08514468026988586,-0.49506738663718775,1.3389454450944926
0.4087767294378917,0.47764677786553444,-0.6769431631350575,1.272639478932251
0.5709604707396765,-0.061508178467360564,0.8116883473697778,1.2077060118865623
0.7311311196575143,-0.29183369463304265,-0.49138280738338813,1.2554643472596676
0.756693489066183,0.10425320350932266,0.7831962307475802,1.1580082342910663
0.23634158089042479,-0.20979180237840667,0.12368084012267455,0.559178135704469
0.9005112701677347,0.6863302230031434,-0.3417636074491912,1.4179529888732607
0.577629417114967,-0.9541572357512893,-0.41756771013699523,1.2690325995371006
0.21360060124144686,0.019244847827170064,-0.13251058166306273,0.5188532626083995
0.7695906250230695,0.894484802433088,-0.5937971957600159,1.582975178323241
0.45414079403278973,0.6669274401419478,-0.6582499635636498,1.4319527415772078
0.8765417913280615,-0.17555964442589045,-0.03167719175748118,1.3466834979521598
0.12204599389743476,0.6902025261405949,-0.7867565699560681,1.114070871184807
0.5170912926142026,0.9898453981878998,0.6616349773316668,1.7501002414606541
0.6130750728737184,0.503876044547267,0.30890147149566793,1.1565272051716664
-0.9534838587675154,0.5088218260393222,-0.07097406431510955,1.284058964488457
0.3306653527217598,0.8990148855144025,0.7986626712868323,1.3983928668119983
0.4957854723808506,-0.6740328350864531,0.6454885453003483,1.3324348264335024
0.9228289714679041,0.6407179273316195,-0.2987863052089408,1.400271540222746
0.5440528774126445,0.7508145516634868,0.04688845299921507,0.9885832440595935
0.45810037254034786,-0.5946152532065958,-0.9344691511343024,1.6610988935649302
-0.5990417853680563,0.17355653119930858,-0.6725159406913102,1.3134330525071336
-0.5964675213165356,0.055813572928475,-0.10517917645807717,1.0119524833780371
0.33555458255892323,-0.5031745528446474,0.16400666970611244,0.9982301320435207
0.12355578602578543,0.4945759797735081,-0.6838153627021819,1.1348639253546233
-0.7559887951827167,-0.4008184059569877,-0.009660494961422739,0.8605268680113496
0.465727667854708,0.49893399696827645,-0.7709653097450975,1.3521122024271475
0.8252181854222842,-0.65076547722722,0.44635384558062885,1.3963216257382118
-0.45849287444277587,0.6873200752839221,0.41199674177513423,0.9340822849735991
-0.6357027727450515,0.7006996444506057,-0.7077435611474319,1.3419263709113252
0.9261380858383452,-0.10592071210903997,0.31176430724684767,1.0654098638909584
-0.5747495915842382,0.5893800399341957,0.6747764496685509,1.54280433171095
0.33515476921597465,-0.2619141457819165,0.47663401054761256,0.6538310373829286
0.24423770670938105,-0.979761344123212,-0.6703519077925921,1.2501299914635522
0.8875924262213839,0.024617881253254037,0.37680192571775795,1.1029480757281895
-0.41039846697380233,-0.8364858248450318,0.1625695429894276,1.3177265300124503
0.05805693553486524,-0.2862257757092035,-0.4891944546950462,0.8443142607335785
0.8580738142634652,0.7535104710474358,0.06911827046937047,1.6030854223010926
-0.6757313143238517,0.5513017429884519,-0.41967944450112515,1.0115216710433002
-0.49520367055295633,0.615380051488027,0.4863698993622687,1.1402183997783935
-0.3240609131331069,0.3220716812072417,-0.12506734900061311,0.7972153002575656
-0.5067399269162698,0.7472507947351292,-0.3675759339404048,1.0976181201128565
-0.9062687335988806,-0.3866337128721724,-0.15847664238615122,1.0467970183508926
0.8229375013756655,0.14157853946799048,-0.5116552415595019,1.2162787940514521
-0.22636959910901555,0.1944036866043788,0.5825961889716511,0.7756395716298463
-0.07568253673201619,0.4207717529390478,0.6927680255925233,0.8961234553097377
-0.19236661424155277,-0.6015253967126659,-0.3067078426370635,1.1351055002014463
0.66059954358977,-0.41975732992402826,-0.0838006661746824,1.1613270364454493
0.4457827565999657,0.8223229215570076,-0.4824549579865558,1.4657635744291142
-0.2796459747237634,-0.6263393403529434,-0.7294538462706097,1.4269873145663405
0.08345526541378212,0.2054673799964124,0.6714761492201948,0.7827774332025955
0.17283095099356083,0.9762768204970214,-0.9255672231428611,1.5648648438414607
0.684366359752766,-0.4921496749380154,-0.009859748431077398,0.9667372390285662
0.36029103513308036,0.996132747123651,0.3028342809451452,1.5345338752825837
-0.782757093108619,0.411789995486604,-0.3020457679742259,1.4307052926078037
0.7733189313381004,0.529023054897461,-0.8748416708705655,1.4126606076000514
-0.6856135894445832,0.5768386758819835,0.991214280503254,1.7658804076715622
-0.567220939249053,0.6323140614494185,-0.9384283972711169,1.2772990781936224
0.8047159119959202,-0.5081315475451704,-0.6505839837596394,1.3435247661585359
0.6446957029944174,0.8937138938554257,-0.6497172793449213,1.741899740440149
-0.5763849625215729,0.9246710727903777,0.30414975803690214,1.4069500193884794
0.4231874335173915,0.1675174568045823,-0.5622389974460216,0.9426739332509355
-0.7119037130531263,-0.830802923944099,-0.8343800296226505,1.8371880309166033
0.5120535308029679,0.031225570664098923,0.0018329071672034125,0.9028425538381735
0.367915899740499,-0.8387724570700354,0.8788863569873686,1.7212964618047
0.28979708358762557,0.8953411129261677,-0.9369643575016589,1.7345291994868741
0.24128884389497363,-0.38412197791992897,0.26561875152962333,0.9553409790447779
0.24870913145361717,-0.7244507191199847,-0.9464253489880801,1.5281511551177922
-0.30277204426622273,-0.3414956310452011,-0.4510253993579547,0.6816214842706785
0.32083779625706543,0.2566946729684043,0.9233078833119566,1.1601340409690721
0.8426404617306329,-0.030706161782186436,-0.5056556126859248,1.0040518059877808
-0.6728611960523037,0.8261250329571204,-0.9845723230678967,1.5751421207240612
-0.610021094925876,-0.307574869383741,-0.8968168571499691,1.4786180953817902
0.5568781043797879,-0.804555257065257,0.884673353912711,1.7449344780367722
-0.30694609748090507,0.7713025438993415,0.1896795438180885,0.9387443127697666
-0.6697681703671845,-0.2866014870219842,0.594454701197654,1.1440599533102882
-0.7999303248786462,0.7637933108366504,-0.7891950718895386,1.4676631571815915
-0.6873829331661665,0.3617627719723684,-0.9782673734746248,1.3618934524285664
-0.35862104558822216,-0.7085314093488384,-0.09035022906913559,0.8035178393629452
-0.3457848998584867,0.35253597032824757,-0.8968208597343377,1.329487998930142
-0.8188321399518335,-0.6174485915778163,0.05081210490630639,1.2382086115212867
0.5024269501178507,0.8640340714193733,-0.17301936602672097,1.1665770534200277
0.7634954444712883,-0.6594046692876234,0.2734627367996303,1.4684484420576065
-0.9460217800081598,0.08654441911628474,0.892395269397942,1.5235017867834388
-0.3088176697919369,0.7556875435431596,0.410581321458668,1.064480826905148
-0.2495475480138063,-0.8998807219480487,-0.751443269868288,1.376184460403072
-0.11477152687184522,0.691329882549278,0.8894327311394699,1.5417254698819791
0.7798560272989077,-0.8559969898822812,-0.8812798825733965,1.8046097247455153
0.50950706249197,0.30251485554899116,-0.11315114160858997,0.7957529872479543
0.22056746494626522,0.937859374180579,0.21180755005375929,1.319791132892449
0.30957994458113625,-0.2446983234846296,0.14885894419000412,0.7608403346718007
0.12393719311623252,-0.0209765342468764,-0.8886218044039613,0.9313781213220942
-0.10688555031439329,-0.0658666366047298,0.5125798452469561,0.8365001671164982
0.7361826743429685,0.13302488135102286,-0.6190847471903349,1.154970962834542
-0.24011735846071325,0.5974842121520245,-0.49931839635216013,0.8890169145345317
0.25393671821158725,0.6468687058519051,0.006710526582761611,1.0908138905442688
0.7976397200258849,0.18025541602739126,-0.5018212518582725,1.3450396548522685
-0.9630898620487232,0.5465856452352882,-0.43922423596627436,1.5644121459343725
0.5918998316605084,-0.5534843206822357,-0.29761325221487245,1.3340102324205754
-0.598594067383583,-0.7370456950496771,-0.35706595200981295,1.1791380507189566
-0.10952429642303807,-0.446194636279702,-0.4290064183196487,0.6667153437356833
-0.103146488438292,0.9308573381704854,-0.23918444665690952,1.001963986277104
0.6913858084452758,-0.7639216145580323,0.8530387800079708,1.4805346292514416
-0.23730043967893666,-0.6893002857459347,0.37743355308504856,1.2786178834185407
0.3803525079074983,-0.9640502284997554,-0.5507493130116534,1.478626068281253
-0.390861189617437,0.9656933971172539,-0.24528690804845632,1.1929499916756898
0.4536293033979135,0.941437291219092,0.6611395458557872,1.626007552260891
-0.23103892374416968,-0.9975923948417185,0.9054546494592084,1.8046079403216437
0.7544930425029379,0.3441065087442048,0.6287732273859961,1.103791983532422
0.5989248581367885,0.0768980840772635,0.13037084841828306,0.773412858187367
0.2922802241696836,-0.13532007842730565,0.3082002797424517,0.510367895813467
-0.814587832432788,-0.7677820560636441,0.7275914160402321,1.618176242728711
0.22841324282931552,-0.921910714242945,0.8553971979591377,1.4344516905044347
0.03336976440377892,-0.48916245449322604,0.07853601587379733,0.6240947704766527
-0.6674674774096161,-0.03622890400305634,-0.29944320588527984,0.7749253210686609
-0.802975999327959,0.4575363167405633,0.2896472509289556,1.163968739782522
0.7566954921414915,0.9023647779923358,0.010739698025345357,1.674513624037964
0.41193972020240777,-0.615518488916962,-0.4854278993864056,1.0709609318110946
0.02806337027657335,0.8939158223955981,0.4741668241925727,1.236995301951819
-0.9270121942690646,-0.23649272106290997,-0.5556176246115831,1.2599216893858187
0.9738456759564162,0.10793999782780372,0.6661083009964022,1.6574169149510123
-0.5211115785851863,0.20761804608740397,0.8593774136257584,1.1246202807274817
0.868054254779812,0.5077078503856836,0.5684278903239519,1.608837168477319
-0.7932728721092732,-0.6483663631810324,0.017036080546638965,1.456306525623067
0.4092776026395115,0.2745397744636904,0.17690320000281434,0.6382236976749117
0.8907587690287244,-0.9406306089005092,0.04188414102799287,1.3519137872717102
-0.022965098053170818,-0.38232715651642524,-0.3392663522307804,0.8012606116005825
-0.11500736348522045,-0.03301548246637931,0.41951635000267684,0.4942404887089866
0.8903966629292281,0.7151552982251272,-0.15865364907589652,1.185683924478718
0.5032696861866253,0.7462291881591689,-0.48857013580383324,1.0941102731684484
-0.8354325472954873,0.9128093009223153,-0.9592762285452892,1.8917534154669524
0.11609615833987852,0.18238896042418085,0.39244321773667057,0.6752929029578562
0.028962465348066235,-0.7501838026815544,-0.12757565095344403,0.9845005725689646
0.6235197224260804,0.7440497835894939,0.6416191112663856,1.3387296206591328
-0.6151690313741252,-0.7647182700825232,-0.15592123346486741,1.080707726843958
0.5740941261940338,0.8933110585517752,-0.0484777129002667,1.2262762053415872
-0.3464414337678057,0.42964931706734943,-0.5907925568985737,1.0947072757601348
-0.7225153451590827,-0.31408435758737263,-0.18035056332728971,0.9087498599547907
0.5517287550596524,-0.20583278153033913,0.9905387521794204,1.5170031071339123
0.6402557773062338,-0.6340580674619154,0.23017832373161484,1.336652121561277
-0.1946098905821405,0.4577773296731549,0.820536003961321,1.1608788774277856
0.4352717898943128,0.06960547137294526,0.9483127899866532,1.4151531002165199
0.6376221710599679,0.3650420412488582,0.6053381070550701,1.4254657967482025
0.989869913041387,-0.32073218057933683,-0.8455553638542292,1.6971045933821163
0.45268714147248534,0.04855332160182457,0.7695144050758149,1.1470800337188256
-0.5496500620125524,0.3189813082781945,-0.040609851286993015,0.7375473828938779
-0.44911370667746975,-0.3994548676629077,0.7116103488832772,1.4169920634588404
-0.5204717689325171,-0.8317546362290218,-0.39974651597514654,1.2833176807544375
-0.012997654083952481,0.48415943288897645,-0.2642233234856486,1.037686648506663
-0.974171218617607,-0.8608287093899225,-0.6376267918879686,1.5330536214225652
0.5828350116592369,0.8528973442524577,0.5943449145624611,1.614151480785935
-0.9884034721685782,0.43550325548732327,-0.14256022178528527,1.3326833526477553
0.7554802487500163,-0.41464308437043895,-0.5129877770657623,1.0102566844703909
0.7024353978029672,-0.7327730106306594,-0.4660546323794217,1.4583091668669448
-0.4419075619914834,0.7862322145624183,0.25857316712273914,1.0818318905682955
0.8212766956778097,0.5950840466288083,0.8571142311552677,1.554397435543432
0.8660699469644721,-0.5619309055780659,-0.8923243611301543,1.5946084452180567
-0.8183288951675951,-0.2997261278874914,0.6865946091932036,1.3642043630684082
0.7153117213104689,0.917727293694286,0.45719903346196533,1.5852941870122403
-0.2978482866715555,0.2331862573229606,-0.30631290675735556,0.9452039881364144
-0.831589010214558,-0.2795897526088891,-0.007111743532775439,0.9381631322340525
-0.9678204272666115,0.7082296146409968,-0.41717568031165886,1.6886132297277558
0.38783777984114054,0.3362720916565547,0.8265809888450235,1.1164144172934976
-0.7806752989815049,-0.018546367467810576,0.9499834783822967,1.7054045034485998
0.09601727703707996,0.6388396240019627,0.8709776967400218,1.283545677123949
-0.9760197596299933,-0.5674070410829934,-0.2844336445103024,1.5463192335744829
0.9406654324729533,0.08346491491580887,0.23646192422841805,1.0371454350888634
-0.5128574052053312,0.2452481650642091,0.5399501827983386,0.7853915559584566
-0.8204628271264711,-0.6718380984207177,-0.9855513174193613,1.9107437660372182
0.33234404840013965,0.8370626532552243,-0.12785431474037212,0.9557840582182716
0.5550037119754658,-0.32583379725623995,0.5524255122810178,1.1037153994802602
-0.861699628474788,0.45678188909128914,0.0954481658688544,1.3741690208724189
0.7176583359651914,0.8774895740804918,-0.7139205859541322,1.8016897289052212
0.6715613143470758,-0.9786263681050047,-0.19040253993838885,1.6744752787960748
0.15215540288456886,-0.5152320759259319,0.14182935062105506,0.7262720629824841
0.9495738941127312,-0.7415514223490947,-0.3733039667848994,1.4928866022524776
-0.2970616328673572,-0.27691640374418003,0.3547857996636201,0.8094307289088067
0.7325673969433801,-0.6137704527775327,0.7243014232579064,1.3166207480507257
-0.057325502512169724,0.2471763692537048,0.10094003773465166,0.3599658980367431
-0.6639995756242614,0.5143969363825023,0.6858536343212078,1.2903317509216814
-0.5653522497937797,0.3205621886377783,0.469745618490061,1.1087766254331277
0.8101274820184032,-0.7766509514672442,0.5719904689684658,1.5835127568216765
-0.7153934810629714,0.7546710839220729,-0.7260298360807365,1.3605535916862799
0.40358602559702694,0.7151952631439145,0.3972136200426952,1.2802401390059153
-0.07357323294527829,-0.01663602395689745,-0.5603179031662748,0.9806282498495986
-0.5375830965347077,0.5138643293870029,-0.40034874653749375,0.8759420620444087
-0.8621390648106415,-0.35686990192525747,0.32776362065055586,1.1144523605090044
-0.6588147489874765,0.8180781476458612,-0.23990871035703298,1.542624155234428
0.8947478850353294,-0.9260017227201762,-0.016376363625354662,1.347248171235992
0.4666713280683972,-0.23170900784522797,-0.9821469575532968,1.5917395632912983
0.9444706614036193,-0.37831242003874,0.2061854917455881,1.3862288816509019
0.41004337701853033,0.6598526512133647,0.3510371899263731,0.9484346350022961
0.990098081813853,-0.8919430739028278,0.9018465167283105,1.9791969059618915
-0.1957377874313837,0.6083265955553707,0.3594770977825481,1.1398142888514378
-0.9025227532866305,0.38661953087380785,0.10020143504712054,1.3369679092173734
0.4017001407849847,-0.20496722026691994,-0.810878196174144,1.2340554682541296
-0.12788402079303385,-0.7634737895267911,-0.787758432980719,1.307141635180463
0.3077222092732612,-0.486746860861885,-0.41516488799403106,0.8381954942924192
-0.531121337353234,0.7228206134054413,0.7224135321990586,1.359249080575038
0.8073135786388099,0.10575484644916666,-0.6444028253358676,1.5365441210308295
-0.6694179637887978,0.48762139351774314,0.3878573693588807,1.3470864700884728
-0.7142236780222679,-0.37115213017288373,0.5139681786439991,1.4080887751301627
0.8965104270188511,-0.6623206096541392,0.09465717670106177,1.5991881123718616
-0.7226325879150761,-0.12908920812951385,0.058639279128091415,1.026512226488544
0.5671141267527058,-0.45576640343850894,0.5478935689709432,1.0695101269575515
-0.7612992019913234,-0.783318589982158,-0.1969127671949591,1.1891369403760845
-0.4074238935738055,-0.019399863189998534,0.07105242534381673,0.8801775714991757
0.95495131306776,-0.13633915124019302,-0.3175477226820542,1.0952931910401904
-0.31361807846136314,0.8931642447396031,0.024594007036342624,1.3984166501688486
0.5205281325776625,-0.3764259402850856,0.02155580510273003,0.6631912673338556
0.5380676612791941,0.20469585961525283,0.7745734226366756,1.179485633387205
0.4760301296103573,-0.3209903799636009,0.2101655111025389,0.8358379546266206
0.9134440331379237,0.18634419651790357,0.8752442694105387,1.5386524996046074
0.10761071015506385,0.09267993069955427,0.22442746665057367,0.3366143091140593
0.6672445709287937,0.6152843475539582,0.21472501746783168,1.3245612021887234
0.07554152383317692,0.7083353715860774,0.9850312195428099,1.588294312661158
-0.38528267134721883,0.9111399932889295,0.8864194894866773,1.3797282010985688
0.7389272543427017,-0.4949703615738039,-0.7124423829190185,1.5631902554790884
0.9697619922671372,0.1256562149190199,0.9516033410957303,1.684511036184512
0.9541355945058452,0.14732139339159023,0.1434398207235077,1.0638390190560816
0.3230918153451976,-0.48439406172991695,0.8782065431942998,1.1673254763640186
-0.9065402674033818,0.3332471403853292,-0.7293108252340377,1.3128111954602215
0.23243244525247264,-0.18630742162777691,0.03973044178756746,0.3166544781762484
0.32613291401758526,0.5346893679661162,0.9638016845325332,1.268074322633192
0.6852315151329251,-0.9907888264917573,0.9024285046152107,1.8376515810488154
-0.8791908940348909,0.2625360175319069,0.5563280459449442,1.1299676707083874
-0.14015019836495002,-0.28002911486195603,-0.2997235509209133,0.6568038475428292
-0.2314387890126517,0.6804254114700108,-0.7689147088987742,1.4737116129469157
0.8920854729786449,0.843755566791865,0.12584388728760643,1.372074241591056
-0.7551149855335983,0.4721025068497846,-0.4763067225552209,1.3644710384338532
-0.1620293357688889,0.060699498084150205,0.3040088970792063,0.45663764097293474
0.8112763577236588,0.08587844975201864,-0.8464631545200987,1.4963394560967944
0.8701550861249341,-0.2784212979644063,0.6663017439488024,1.370386652943837
0.03485962410784227,0.3941486384377806,-0.4268470460801801,0.6268536351387154
0.29324104542068463,-0.4067427132157162,-0.23804230685066585,0.6227667875865872
-0.11032507671490177,0.13211490263527703,-0.609188541770278,0.8363396074196741
0.02903230477780716,0.9963303646580701,-0.039909773239425794,1.0163707710328356
-0.3004447380464046,0.8387434779100742,-0.11764081581444663,1.2659162614076056
0.1780727017223802,-0.3744963335371918,0.6652602689904379,1.1915868964655303
-0.4382051120195194,-0.9943119902836965,0.451258570297451,1.5397657234931252
0.7223259379682434,0.45624765361305286,-0.4744564277252725,1.048166690166418
-0.400103962290713,-0.29039162241725913,-0.2340142372106635,0.6160821413929158
0.7265172712390369,-0.4210111670759731,0.8802070316336417,1.3863771843278203
0.479853158752386,0.17409836064273754,-0.13048457655133183,0.6645113375332239
0.8628990801888026,0.45130279410971275,-0.7351646518951407,1.3613162508951788
0.6128870772321826,-0.9918286345362299,-0.9722977128032735,1.6643460608428513
-0.9953322601199728,0.6404137164156043,0.41517333822349034,1.3647785081722077
-0.6585056730327252,0.7244896690302425,-0.27185260021410684,1.4431642056638965
-0.5768571226125203,-0.7400832640792092,-0.8622773514754358,1.5077142062153828
0.07174957983909147,0.6210070875523392,-0.234178630721404,0.8832078704374768
0.3449688006803129,0.718875257526004,0.9531153624657889,1.7346532758958064
0.4170964287889922,0.12438446207584541,-0.6784720980807377,0.9054839569888304
-0.825673724525442,-0.34317719791240986,-0.0493501484997414,1.3553238829183183
-0.6497113094460842,0.4395102514008258,-0.29411546474771755,0.9612536324511267
0.6432096899748418,-0.3969364582353674,0.2873864127155088,0.9485086485646256
-0.25620188141165956,-0.5934321305959962,-0.06769133684278672,0.9392573857755544
-0.24219866460548478,-0.5782898463492636,-0.7082181584814682,1.0286508636147529
-0.9709278827963708,-0.8601549047307662,0.7354067295357862,1.668935226010494
-0.9884160816162908,-0.23211731329119223,-0.835348480012952,1.666566171591139
-0.24713236461768107,-0.2952484067121046,-0.0529109867681099,0.6910727256277349
-0.24194539777047042,0.39739991001939523,0.2625669314008241,0.5537607101878399
0.680692470974742,-0.35709259154023476,0.9243425614062226,1.2349832816758055
0.5717284937043614,0.8077418605121998,-0.3641721755294083,1.274377626832372
0.6537518805395215,0.13086222140479453,0.7596393321647721,1.1635756838572742
-0.39936356720182187,0.6438488453228604,-0.4236398007012985,0.9512815293965924
-0.8874286006901708,-0.686172652661768,0.7272512549990504,1.6101723433603028
0.05623177337041918,0.596272584629777,0.21648567854089462,1.066944540528677
0.4876882087446066,0.3412006184538239,0.18511439044110722,0.996750456019353
-0.8224431165029871,-0.5723584507083095,-0.17945056739243204,1.1823428129748121
-0.32741238338824763,-0.9284671965573017,-0.5395001645306277,1.2665638854904049
0.481146841147307,0.9865481818590476,-0.4365617607209866,1.5455085367318058
0.765641198813864,-0.6576301282489121,-0.1077942518390802,1.3101181316875965
-0.1501230736504866,-0.4230809359004455,-0.288413667233796,0.7472387166311985
0.31307772010574064,-0.13928630119023566,0.4765955827059427,1.0075764222146772
0.08968509029267646,-0.23437084212546422,0.7978007182722247,0.8457361281276566
0.6601507795580679,0.8450845853392202,-0.36632665933354325,1.3970581157673148
-0.3877087219300326,-0.49452165985489627,0.7586076198572609,1.021870307206123
-0.4740571165716121,0.8082410334666612,-0.6586976862030791,1.393976762777593
0.6463700646321113,-0.3295353804954695,0.9450081132575117,1.4953234072280401
-0.9824955480355113,-0.23118756265082974,0.6116456597309934,1.2084094999266535
0.7524411051673854,-0.2458883557354843,-0.13385854059923097,0.8082356792438236
-0.9801894736712211,-0.6254094550339078,0.17445489130427205,1.3778767908743674
0.6623818648442008,-0.31341488303880793,0.011180217532621661,1.016677758185173
-0.7712770046999173,-0.5928876313481466,-0.7290129829044931,1.612185663031224
-0.9739232701652987,0.9749161535700583,0.5944363784019127,1.9763763103900578
0.13516543243188872,-0.09405095577282796,0.40120332450610197,0.9104498745856264
0.5636137754928445,-0.36780610339095543,-0.357283746258481,1.220967899084212
0.6929587702032907,-0.18821919072948523,0.6295393185891578,1.288985743794374
0.04232576002353383,0.9407753762478421,0.6928309499353285,1.580488824805461
0.5699103867077677,-0.7310148566766013,0.823779083287755,1.5004444092805835
-0.21436318879320027,0.11037031138949294,0.7224071862886592,0.795405332757875
-0.9810519435438911,-0.7486912542289503,0.7790167710809577,1.930794701982607
-0.2866893822396639,0.9092720270069505,-0.6663382002288183,1.4611219524903347
-0.5729309960101183,0.2345393175225099,-0.9599232106873385,1.537456361084031
0.29499132122850336,0.3634398112898869,0.6157203418659125,0.9713477381328044
-0.3998330724882493,-0.016442534905816375,0.5200314744895591,0.8144323625056127
0.5124868773234028,-0.5695189518365293,0.6161714081082161,1.3548719286631463
-0.7187818967518662,-0.756053281013163,-0.6136257547283741,1.301880978741541
-0.5264079598431035,0.17424287413714512,0.7858692050508242,0.994886913881466
-0.8814351095008348,0.15225869839379547,-0.1020054385328808,1.1927818430416843
0.7253352169796243,-0.7485978247889558,-0.24656522685719295,1.503191007294657
0.6561776046279135,-0.47300674854660585,0.14162274782825324,1.163831260066584
0.18266727896868007,-0.5890877475736016,0.30207916076846497,0.9177489816425225
-0.07046928288857579,0.07193398771297876,-0.9154472970820435,1.0837733594393857
0.08487966045574447,0.31410561381668,-0.8473829163648801,0.9991299765950483
0.7882526899596634,0.8846076940972281,-0.3909341158254067,1.3948121521403896
-0.48420847275332823,0.49527548498372354,0.9544622715015201,1.308371470468714
0.6306907030691573,-0.5084495353866354,-0.03822852809793864,1.0553900435843115
0.7393787316313576,0.8385819937931374,0.44556663186350365,1.4388927270629435
0.5295223925823465,-0.31670642891877265,-0.5668986677418124,1.0186804817568307
-0.4098341727813424,-0.08419363572985672,0.12627565756311943,0.45892965566828875
-0.08060724711160905,0.02208298075356252,0.08397540510616897,0.47360897775112343
0.9708491803725643,-0.6636586824158126,-0.9559375887471022,1.8552135249632657
0.15341845480189464,0.9257999322026063,-0.5704701567806387,1.39965024841768
-0.03340146585901116,-0.2873540844652953,0.9909235270341792,1.3808813083937048
0.2990666751261102,0.1381112784770111,0.4158288987048384,0.6506106844265637
0.5447253812848714,0.6884037303640183,0.8765944323753314,1.720276191863615
-0.6034732041047868,0.8509444915270501,0.3789548244010785,1.1676904825798182
-0.8970054214752288,-0.07779413170705207,-0.32117759959329395,1.214900393647297
-0.7703644391593765,-0.613691175240378,-0.968340233885933,1.63024279666636
-0.0218519563674906,0.12843017339002838,-0.4161363077965503,0.7005109752961349
-0.15560858494732743,0.11329777439476296,-0.43055346700890706,0.48096750317017384
-0.6901939832426813,-0.6051020321057967,-0.4289974458742287,1.1626164031981627
0.8491140381937194,0.6252964453867496,-0.1778613114917158,1.2705678776787195
0.8894623745438135,-0.6587655673449089,0.008221682854770984,1.4375183172405914
-0.9494984451609105,-0.47616004560510516,-0.2700241652960367,1.3392922873395945
-0.04665533525600063,-0.47535477877622534,0.272783977691784,0.8843917789632734
0.6462197418870648,-0.2613682721816335,-0.7454786177417545,1.143395138239202
-0.8216743035644953,-0.419082093151226,0.7325687977118047,1.194395573811125
0.6648807573973974,0.9826166771960689,-0.3513689121229382,1.6742553089621923
0.2873880167548135,-0.7026979337389065,0.8439694248708798,1.3073792843095953
0.5574760130606726,0.8312772135867019,-6.52474788116475e-05,1.0252851724850804
-0.7477942482885507,0.7898357523442869,0.9074160779728204,1.654815873181527
0.33355035562380597,0.4875958736805053,-0.34018225011345904,1.0722516565410134
0.9967921517738234,-0.6410495389242996,0.2604929865621848,1.458450878513399
0.16411788898020108,-0.12872296558852359,-0.6315011505068089,0.8397676185674472
-0.09237196712960904,-0.8598849910982418,0.8346027362220843,1.523751519638103
0.49862361490381746,0.3672002041004072,0.1936376165806255,1.1072148867739902
0.257312774042568,0.6201997351066011,0.8726826613370431,1.134182294427357
0.8500343534353099,-0.6042558883711133,0.9431004873851176,1.5193676562871372
0.9097816011440203,0.7539405648300519,-0.8174366364580354,1.8803621100290477
-0.6036049286795242,-0.5705769612978624,-0.5144350315462969,1.4678718108057522
0.6004083716737945,0.08272600861084078,0.6458163238169163,0.9986846962457665
-0.5467386483526004,0.8296534072327164,0.13976960710741482,1.4135865086749528
-0.5118808402573904,0.1552373382013308,-0.5297815553464706,1.0328486177835707
0.6968082410456926,-0.5216439923546226,0.47102427038604455,1.1386341211283493
-0.8892696473643966,0.2424486058030486,0.40090746023087087,1.4842266736742076
-0.785843700567185,0.6790497592905329,-0.20447143102399767,1.4546331895534759
-0.6300222951451793,0.44481011487071176,-0.7377590503853273,1.0673326184814933
0.7987152294889139,-0.5398260002114281,-0.36734553346914023,1.0950213700124478
0.8064505137282136,-0.8651923059094682,-0.1284630655441399,1.2467008468978817
0.6141753793317049,-0.813929898099746,0.12766542243884205,1.484285968830024
-0.6896537358839587,0.7580404540666483,0.1086265017564092,1.3087229999214296
0.7136702264409653,-0.2200306009689894,0.9836685600657555,1.276620262556044
0.31801469358555057,-0.6936714295730311,-0.9770079872792929,1.2686515576187833
